{"cameraMode":{"drawMode":0,"name":"Shaded","section":"Shading Mode"},"sceneLighting":false,"audioPlay":false,"sceneViewState":{"showFog":true,"showMaterialUpdate":false,"showSkybox":false,"showFlares":true,"showImageEffects":true,"showParticleSystems":true},"in2DMode":false,"pivot":{"x":0.8305529356002808,"y":-0.07331681251525879,"z":0.73496013879776},"rotation":{"x":0.3073752820491791,"y":-0.4208344519138336,"z":0.15409360826015473,"w":0.8394511342048645},"size":1.4456439018249512,"orthographic":false}