{"cameraMode":{"drawMode":0,"name":"Shaded","section":"Shading Mode"},"sceneLighting":false,"audioPlay":false,"sceneViewState":{"showFog":true,"showMaterialUpdate":true,"showSkybox":false,"showFlares":true,"showImageEffects":true,"showParticleSystems":true},"in2DMode":false,"pivot":{"x":0.4422236680984497,"y":0.05966806411743164,"z":0.30971646308898928},"rotation":{"x":0.2894599437713623,"y":-0.3281543254852295,"z":0.10638472437858582,"w":0.8928686380386353},"size":1.0962741374969483,"orthographic":false}