{"cameraMode":{"drawMode":0,"name":"Shaded","section":"Shading Mode"},"sceneLighting":false,"audioPlay":false,"sceneViewState":{"showFog":true,"showMaterialUpdate":true,"showSkybox":true,"showFlares":true,"showImageEffects":true,"showParticleSystems":true},"in2DMode":false,"pivot":{"x":1.8680871725082398,"y":1.0986393690109254,"z":30.634790420532228},"rotation":{"x":0.00035090651363134384,"y":0.9991998076438904,"z":-0.038988564163446429,"w":0.008993041701614857},"size":9.854141235351563,"orthographic":false}