{"cameraMode":{"drawMode":0,"name":"Shaded","section":"Shading Mode"},"sceneLighting":false,"audioPlay":false,"sceneViewState":{"showFog":true,"showMaterialUpdate":true,"showSkybox":false,"showFlares":true,"showImageEffects":true,"showParticleSystems":true},"in2DMode":false,"pivot":{"x":-2.2763524055480959,"y":-19.295246124267579,"z":2.9231204986572267},"rotation":{"x":0.19164566695690156,"y":-0.08057905733585358,"z":0.01578955538570881,"w":0.9780244827270508},"size":5.65505838394165,"orthographic":false}